PRAGMA foreign_keys=OFF;
BEGIN TRANSACTION;
CREATE TABLE `visitors` (`id` INTEGER PRIMARY KEY AUTOINCREMENT);
INSERT INTO visitors VALUES(1);
INSERT INTO visitors VALUES(2);
INSERT INTO visitors VALUES(3);
CREATE TABLE `visits` (`id` INTEGER PRIMARY KEY AUTOINCREMENT, `visitor_id` INTEGER NOT NULL REFERENCES `visitors` (`id`) ON DELETE NO ACTION ON UPDATE CASCADE, `date` INTEGER NOT NULL);
INSERT INTO visits VALUES(1,1,1522143559);
INSERT INTO visits VALUES(2,2,1522143569);
INSERT INTO visits VALUES(3,3,1522144559);
CREATE TABLE `products` (`id` INTEGER PRIMARY KEY AUTOINCREMENT, `name` VARCHAR(255) NOT NULL, `price` INTEGER NOT NULL);
INSERT INTO products VALUES(1,'Jeans',20);
INSERT INTO products VALUES(2,'Shirt',10);
INSERT INTO products VALUES(3,'Underwear',5);
INSERT INTO products VALUES(4,'Pants',15);
INSERT INTO products VALUES(5,'Skirt',13);
INSERT INTO products VALUES(6,'T-Shirt',8);
INSERT INTO products VALUES(7,'Socks',2);
INSERT INTO products VALUES(8,'Jacket',50);
INSERT INTO products VALUES(9,'Anorak',55);
INSERT INTO products VALUES(10,'Sweater',25);
INSERT INTO products VALUES(11,'Suit',200);
CREATE TABLE `orders` (`id` INTEGER PRIMARY KEY AUTOINCREMENT, `visitor_id` INTEGER NOT NULL REFERENCES `visitors` (`id`) ON DELETE NO ACTION ON UPDATE CASCADE, `product_id` INTEGER NOT NULL REFERENCES `products` (`id`) ON DELETE NO ACTION ON UPDATE CASCADE, `creation_date` INTEGER NOT NULL, `closing_date` INTEGER, `status` VARCHAR(10) NOT NULL DEFAULT 'new', `value` INTEGER NOT NULL);
INSERT INTO orders VALUES(1,1,1,1522143609,NULL,'new',20);
INSERT INTO orders VALUES(2,2,2,1522144559,NULL,'new',10);
INSERT INTO orders VALUES(3,1,6,1522145559,NULL,'new',8);
INSERT INTO orders VALUES(4,3,5,1522173559,1522203559,'closed',13);
INSERT INTO orders VALUES(5,2,10,1522163559,1522193559,'closed',25);
DELETE FROM sqlite_sequence;
INSERT INTO sqlite_sequence VALUES('visitors',3);
INSERT INTO sqlite_sequence VALUES('products',11);
INSERT INTO sqlite_sequence VALUES('visits',3);
INSERT INTO sqlite_sequence VALUES('orders',5);
COMMIT;
